USE cursophp;
INSERT INTO genero VALUES (28,'Action');
INSERT INTO genero VALUES (12,'Adventure');
INSERT INTO genero VALUES (16,'Animation');
INSERT INTO genero VALUES (35,'Comedy');
INSERT INTO genero VALUES (80,'Crime');
INSERT INTO genero VALUES (105,'Disaster');
INSERT INTO genero VALUES (99,'Documentary');
INSERT INTO genero VALUES (18,'Drama');
INSERT INTO genero VALUES (82,'Eastern');
INSERT INTO genero VALUES (2916,'Erotic');
INSERT INTO genero VALUES (10751,'Family');
INSERT INTO genero VALUES (10750,'Fan Film');
INSERT INTO genero VALUES (14,'Fantasy');
INSERT INTO genero VALUES (10753,'Film Noir');
INSERT INTO genero VALUES (10769,'Foreign');
INSERT INTO genero VALUES (36,'History');
INSERT INTO genero VALUES (10595,'Holiday');
INSERT INTO genero VALUES (27,'Horror');
INSERT INTO genero VALUES (10756,'Indie');
INSERT INTO genero VALUES (10402,'Music');
INSERT INTO genero VALUES (22,'Musical');
INSERT INTO genero VALUES (9648,'Mystery');
INSERT INTO genero VALUES (10754,'Neo-noir');
INSERT INTO genero VALUES (1115,'Road Movie');
INSERT INTO genero VALUES (10749,'Romance');
INSERT INTO genero VALUES (878,'Science Fiction');
INSERT INTO genero VALUES (10755,'Short');
INSERT INTO genero VALUES (9805,'Sport');
INSERT INTO genero VALUES (10758,'Sporting Event');
INSERT INTO genero VALUES (10757,'Sports Film');
INSERT INTO genero VALUES (10748,'Suspense');
INSERT INTO genero VALUES (10770,'TV movie');
INSERT INTO genero VALUES (53,'Thriller');
INSERT INTO genero VALUES (10752,'War');
INSERT INTO genero VALUES (37,'Western');

INSERT INTO compania VALUES (1,'Lucasfilm','http://cf2.imgobject.com/t/p/original/8rUnVMVZjlmQsJ45UGotD0Uznxj.png');
INSERT INTO compania VALUES (2,'Walt Disney Pictures','http://cf2.imgobject.com/t/p/original/jGaqSWErdoohxIi6Y6wpd9xPPVt.png');
INSERT INTO compania VALUES (3,'Pixar Animation Studios','http://cf2.imgobject.com/t/p/original/8fjxXca7tbKwTpGqOa2PuiLmn0c.png');
INSERT INTO compania VALUES (4,'Paramount Pictures','http://cf2.imgobject.com/t/p/original/3S3SJqc58bdZEVeMcbdbsFNyPz5.png');
INSERT INTO compania VALUES (5,'Columbia Pictures','http://cf2.imgobject.com/t/p/original/mjUSfXXUhMiLAA1Zq1TfStNSoLR.png');
INSERT INTO compania VALUES (6,'RKO Radio Pictures',NULL);
INSERT INTO compania VALUES (7,'DreamWorks','http://cf2.imgobject.com/t/p/original/jCwNupLautLSk6iB28VXrDPUqD8.png');
INSERT INTO compania VALUES (8,'Fine Line Features','http://cf2.imgobject.com/t/p/original/78ilmDNTpdCfsakrsLqmAUkFTrO.png');
INSERT INTO compania VALUES (9,'Gaumont',NULL);
INSERT INTO compania VALUES (10,'Highlight',NULL);
INSERT INTO compania VALUES (11,'WingNut Films',NULL);
INSERT INTO compania VALUES (12,'New Line Cinema','http://cf2.imgobject.com/t/p/original/aXEyuLkIUsYliD24WYZVykd7Jmw.png');
INSERT INTO compania VALUES (13,'Universal Studios','http://cf2.imgobject.com/t/p/original/oappZpW9UoU3NXnjmooHlXmaPHE.png');
INSERT INTO compania VALUES (14,'Miramax Films','http://cf2.imgobject.com/t/p/original/sNhxHhbyJ0xo52nr9xI2cJKkWFO.png');
INSERT INTO compania VALUES (15,'Lama Films',NULL);
INSERT INTO compania VALUES (16,'United King Films','http://cf2.imgobject.com/t/p/original/gf4S6UfByfEaSpDPLl663ivyDRC.png');
INSERT INTO compania VALUES (17,'Warner Bros. Entertainment','http://cf2.imgobject.com/t/p/original/rU25OVCsksXegdnb6GUFvLYY9Gd.png');
INSERT INTO compania VALUES (18,'Gracie Films',NULL);
INSERT INTO compania VALUES (19,'Film Roman',NULL);
INSERT INTO compania VALUES (20,'Rough Draft Studios',NULL);
INSERT INTO compania VALUES (21,'Metro-Goldwyn-Mayer','http://cf2.imgobject.com/t/p/original/zcxym93i5BTqqjhVvAhV5HPwYTR.png');
INSERT INTO compania VALUES (22,'Alejandro Gonzalez Inarritu',NULL);
INSERT INTO compania VALUES (23,'Imagine Entertainment','http://cf2.imgobject.com/t/p/original/4PR5ZyqlDrMqx1h5PyOL4VRL70z.png');
INSERT INTO compania VALUES (24,'Mikona Productions GmbH & Co. KG',NULL);
INSERT INTO compania VALUES (25,'20th Century Fox','http://cf2.imgobject.com/t/p/original/nM2MfoMqzJQRiSynsDabOtFKetD.png');
INSERT INTO compania VALUES (26,'Agustin Almodovar',NULL);
INSERT INTO compania VALUES (27,'DreamWorks SKG','http://cf2.imgobject.com/t/p/original/tttjAP89McxcrN9FGh9HGhvvPxP.png');
INSERT INTO compania VALUES (28,'Newmarket Films',NULL);
INSERT INTO compania VALUES (29,'Topcraft',NULL);
INSERT INTO compania VALUES (30,'Eddie Murphy Productions',NULL);
INSERT INTO compania VALUES (31,'Hamburger Filmschule',NULL);
INSERT INTO compania VALUES (32,'Buena Vista',NULL);
INSERT INTO compania VALUES (33,'Universal Pictures','http://cf2.imgobject.com/t/p/original/mGbYwpo7isFx7RyRm26qvuSFTbw.png');
INSERT INTO compania VALUES (34,'Sony Pictures','http://cf2.imgobject.com/t/p/original/56VlAu08MIE926dQNfBcUwTY8np.png');
INSERT INTO compania VALUES (35,'Lions Gate Films','http://cf2.imgobject.com/t/p/original/eNdCXEfW6rDxjnO3VdqIzWVuviH.png');
INSERT INTO compania VALUES (36,'Buena Vista Pictures',NULL);
INSERT INTO compania VALUES (37,'Gramercy Pictures','http://cf2.imgobject.com/t/p/original/zxdmnHAN0TXxWOJMaLdOtv85C7B.png');
INSERT INTO compania VALUES (38,'Zespol Filmowy TOR',NULL);
INSERT INTO compania VALUES (39,'Docurama',NULL);
INSERT INTO compania VALUES (40,'Akira Committee Production',NULL);
INSERT INTO compania VALUES (41,'Orion Pictures Corporation',NULL);
INSERT INTO compania VALUES (42,'Universal Pictures Corporation',NULL);
INSERT INTO compania VALUES (43,'Fox Searchlight Pictures',NULL);
INSERT INTO compania VALUES (44,'Cruise/Wagner Productions',NULL);
INSERT INTO compania VALUES (45,'Road Movies Filmproduktion GmbH',NULL);
INSERT INTO compania VALUES (49,'El Deseo',NULL);
INSERT INTO compania VALUES (54,'The Independent Film Channel Productions',NULL);
INSERT INTO compania VALUES (56,'Amblin Entertainment','http://cf2.imgobject.com/t/p/original/mpGWkDeikYLeAR8LVNaixig0vwE.png');
INSERT INTO compania VALUES (58,'Sony Pictures Classics','http://cf2.imgobject.com/t/p/original/xPpInzu25xBeB3FxKtoD2KvTgTk.png');
INSERT INTO compania VALUES (59,'A Band Apart',NULL);
INSERT INTO compania VALUES (60,'United Artists',NULL);
INSERT INTO compania VALUES (61,'RKO Radio Pictures, Inc.',NULL);
INSERT INTO compania VALUES (62,'The Selznik Studio',NULL);
INSERT INTO compania VALUES (63,'David O. Selznick Studios',NULL);
INSERT INTO compania VALUES (70,'American Zoetrope',NULL);
INSERT INTO compania VALUES (79,'Village Roadshow Pictures','http://cf2.imgobject.com/t/p/original/tpFpsqbleCzEE2p5EgvUq6ozfCA.png');
INSERT INTO compania VALUES (80,'The Zanuck Company',NULL);
INSERT INTO compania VALUES (81,'Plan B Entertainment',NULL);
INSERT INTO compania VALUES (97,'Castle Rock Entertainment','http://cf2.imgobject.com/t/p/original/7znWcbDd4PcJzJUlJxYqAlPPykp.png');

INSERT INTO actor VALUES (2,'Mark Hamill','1951-09-25','Concord, California, USA',NULL,NULL,'http://cf2.imgobject.com/t/p/original/bZbOmlwhOGVowB3MDqZyvfT9ZQT.jpg');
INSERT INTO actor VALUES (3,'Harrison Ford','1942-07-13','Chicago, Illinois, United States',NULL,NULL,'http://cf2.imgobject.com/t/p/original/53SsFcrPeijCrvv7TcRA4JHoKcj.jpg');
INSERT INTO actor VALUES (4,'Carrie Fisher','1956-10-21','Beverly Hills, Los Angeles, California, USA',NULL,NULL,'http://cf2.imgobject.com/t/p/original/3YkbP3W8rxXqEq0hUqCFrs8qINX.jpg');
INSERT INTO actor VALUES (521,'Michael J. Fox','1961-06-09','Edmonton, AB Canada',NULL,'http://www.michaeljfox.org/','http://cf2.imgobject.com/t/p/original/lYD7RaJqi2aHza5YixWjlprhlSR.jpg');
INSERT INTO actor VALUES (1062,'Christopher Lloyd','1938-10-22','Stamford, Connecticut, USA',NULL,NULL,'http://cf2.imgobject.com/t/p/original/3SLhqK97wVQGt3A9v2VqXSvLl1z.jpg');
INSERT INTO actor VALUES (1063,'Lea Thompson','1961-05-31','Rochester, Minnesota, U.S.',NULL,NULL,'http://cf2.imgobject.com/t/p/original/jk4kSRSq3cRksxCDCNLZp1IGCVd.jpg');
INSERT INTO actor VALUES (1064,'Crispin Glover','1964-04-20','New York City, New York, USA',NULL,'http://www.crispinglover.com/','http://cf2.imgobject.com/t/p/original/pfUfSMEg6D5nnCRKvWJyBP7wN44.jpg');
INSERT INTO actor VALUES (1230,'John Goodman','1952-06-20','Affton, Missouri, U.S.',NULL,NULL,'http://cf2.imgobject.com/t/p/original/bpvJP5X2jKWgLpvoJRYa0IMn0g1.jpg');
INSERT INTO actor VALUES (7904,'Billy Crystal','1948-03-14','Long Beach, Long Island, New York, USA',NULL,NULL,'http://cf2.imgobject.com/t/p/original/22PBSROMN6GmD7uxHpTNb0Unftt.jpg');
INSERT INTO actor VALUES (7905,'Mary Gibbs','1996-01-01',NULL,NULL,NULL,'http://cf2.imgobject.com/t/p/original/cxnX6F7ZmfXmMKcdLuRXa7GKvGz.jpg');

INSERT INTO pelicula VALUES(11,'Star Wars: Episode IV - A New Hope','1977-05-25',121,'http://www.starwars.com','http://cf2.imgobject.com/t/p/original/tvSlBzAdRE29bZe5yYWrJ2ds137.jpg');
INSERT INTO pelicula VALUES(105,'Back to the Future','1985-07-03',116,'http://www.bttfmovie.com/','http://cf2.imgobject.com/t/p/original/pTpxQB1N0waaSc3OSn0e9oc8kx9.jpg');
INSERT INTO pelicula VALUES(585,'Monsters, Inc.','2001-11-02',92,'http://www.pixar.com/featurefilms/inc','http://cf2.imgobject.com/t/p/original/9uJf7GzX40P027Cugge5ebYvskA.jpg');

INSERT INTO generospelicula VALUES(11,28);
INSERT INTO generospelicula VALUES(11,12);
INSERT INTO generospelicula VALUES(11,14);
INSERT INTO generospelicula VALUES(11,878);
INSERT INTO generospelicula VALUES(11,10751);
INSERT INTO generospelicula VALUES(105,12);
INSERT INTO generospelicula VALUES(105,35);
INSERT INTO generospelicula VALUES(105,878);
INSERT INTO generospelicula VALUES(105,10751);
INSERT INTO generospelicula VALUES(585,16);
INSERT INTO generospelicula VALUES(585,14);
INSERT INTO generospelicula VALUES(585,878);
INSERT INTO generospelicula VALUES(585,10751);

INSERT INTO companiaspelicula VALUES(11,1);
INSERT INTO companiaspelicula VALUES(105,33);
INSERT INTO companiaspelicula VALUES(585,3);

INSERT INTO reparto(idpelicula,idactor,papel) VALUES(11,2,'Luke Skywalker');
INSERT INTO reparto(idpelicula,idactor,papel) VALUES(11,3,'Han Solo');
INSERT INTO reparto(idpelicula,idactor,papel) VALUES(11,4,'Leia Organa');
INSERT INTO reparto(idpelicula,idactor,papel) VALUES(105,521,'Marty McFly');
INSERT INTO reparto(idpelicula,idactor,papel) VALUES(105,1062,'Dr. Emmett Brown');
INSERT INTO reparto(idpelicula,idactor,papel) VALUES(105,1063,'Lorraine Baines McFly');
INSERT INTO reparto(idpelicula,idactor,papel) VALUES(105,1064,'George McFly');
INSERT INTO reparto(idpelicula,idactor,papel) VALUES(585,1230,'Sullivan');
INSERT INTO reparto(idpelicula,idactor,papel) VALUES(585,7904,'Mike');
INSERT INTO reparto(idpelicula,idactor,papel) VALUES(585,7905,'Mary Gibbs');